country,Biodiversity & Habitat (BDH),Forests (ECS),Fisheries (FSH),Air Pollution (APO),Agriculture (AGR),Water Resources (WRS),Air Quality (AIR),Sanitation & Drinking Water (H2O),Heavy Metals (HMT),Solid Waste (WMG),Climate Change Mitigation (CCH),EPI
Albania,50.3,62.4,15.8,74.5,50.4,39.6,36.4,71.0,55.2,16.4,59.4,52.2
Angola,41.5,49.2,37.6,73.2,41.0,15.8,19.9,22.9,33.8,26.1,49.4,40.1
Antigua and Barbuda,52.5,28.7,97.3,72.0,31.4,48.3,77.8,55.8,52.1,35.6,46.4,55.6
Argentina,34.7,48.9,38.5,80.5,81.4,46.8,47.6,73.4,76.7,26.6,41.4,47.0
Australia,55.2,42.3,48.1,95.9,65.3,87.2,80.9,99.5,90.3,45.7,46.6,63.1
Bangladesh,29.1,51.4,63.2,13.3,72.2,14.7,6.3,32.0,30.4,52.9,33.0,28.1
Barbados,12.2,45.4,80.4,70.0,47.9,49.0,85.8,59.1,69.5,46.0,56.7,53.1
Belgium,66.2,43.6,8.0,94.3,68.5,81.7,64.8,93.3,85.2,65.1,59.7,66.8
Belize,57.8,42.3,86.7,71.0,60.9,38.1,41.2,50.1,57.9,19.6,35.8,47.4
Benin,63.9,53.2,88.3,50.4,54.0,12.4,24.9,20.0,41.6,41.9,22.9,37.8
Bosnia and Herzegovina,45.8,76.2,89.9,75.2,52.3,23.9,22.9,78.3,52.4,17.7,45.9,46.0
Brazil,62.3,44.0,47.9,90.6,81.0,53.6,36.2,59.1,61.2,26.2,45.5,53.0
Brunei Darussalam,47.3,64.2,41.4,41.9,24.1,66.0,68.6,87.2,68.8,35.0,29.2,48.3
Bulgaria,69.2,72.1,20.9,92.3,74.2,66.1,31.9,79.0,40.8,47.3,45.7,56.2
Cambodia,56.9,37.6,31.8,14.5,64.6,13.4,18.1,40.0,32.3,36.3,16.7,31.2
Cameroon,45.2,58.4,81.6,71.7,50.4,12.7,16.9,23.0,31.7,26.8,39.4,38.6
Canada,52.9,47.6,33.1,90.8,72.3,77.7,72.4,95.5,100.0,36.0,48.2,61.1
Chile,42.5,70.3,81.9,80.9,66.3,85.5,29.2,80.8,98.1,31.0,41.5,49.6
China,9.5,73.1,39.6,87.3,69.0,48.2,14.3,73.9,42.9,43.3,39.8,35.4
Colombia,55.5,57.0,46.2,84.9,59.3,28.6,39.6,60.6,69.1,27.0,42.2,49.7
Comoros,49.0,65.1,73.4,33.4,50.6,11.5,46.6,25.7,42.5,28.0,25.2,38.2
Costa Rica,63.3,72.3,35.7,79.8,57.0,37.3,49.6,66.4,68.2,31.2,46.3,55.5
Cote d'Ivoire,56.2,26.2,46.4,75.6,42.2,13.6,37.0,24.3,34.3,23.7,40.9,42.9
Croatia,69.6,61.7,62.1,91.1,67.9,74.1,40.5,84.8,72.0,39.1,56.0,62.3
Cuba,42.8,66.0,81.4,78.8,47.0,19.7,52.5,57.8,48.6,23.5,56.4,52.5
Cyprus,51.2,60.6,43.6,83.3,35.7,70.2,55.9,89.4,70.9,31.7,42.6,53.9
Dem. Rep. Congo,52.0,47.1,73.0,100.0,39.0,12.5,8.1,25.6,31.1,23.9,40.1,39.5
Denmark,53.1,51.0,44.7,90.3,77.8,83.3,70.9,93.6,100.0,65.5,67.1,67.7
Dominica,27.7,56.4,49.6,68.1,45.7,44.5,61.9,50.7,48.4,38.4,53.6,49.3
Dominican Republic,57.0,61.1,95.7,51.7,78.7,24.8,46.3,42.5,33.9,18.3,37.3,47.7
Ecuador,49.8,71.3,69.9,85.7,50.1,38.5,37.2,64.1,66.0,32.4,48.5,51.3
El Salvador,35.5,67.0,21.6,85.1,62.3,21.5,22.8,50.1,43.1,27.4,46.4,41.6
Equatorial Guinea,45.3,66.6,44.7,22.3,43.7,35.2,32.2,35.1,43.1,26.4,45.5,41.7
Estonia,78.8,28.9,70.4,91.5,71.0,69.6,60.9,80.0,72.6,65.1,82.8,75.7
Fiji,17.0,75.3,75.8,70.7,63.0,42.4,61.5,36.1,63.3,44.7,51.1,46.0
Finland,59.1,60.8,90.4,92.8,66.6,82.5,82.2,100.0,100.0,68.4,71.8,73.8
France,61.5,58.6,43.2,92.8,72.8,82.5,65.2,88.2,98.9,59.6,61.3,67.0
Gabon,64.0,80.5,47.5,98.9,28.2,42.9,30.5,33.9,44.9,29.0,52.8,53.3
Gambia,38.3,49.9,91.1,26.4,33.7,11.8,46.8,24.9,26.8,32.6,37.2,37.6
Georgia,44.4,85.2,61.2,73.9,26.0,38.5,34.5,73.5,40.5,36.6,46.0,47.3
Germany,82.4,38.5,36.4,92.6,78.8,89.1,66.9,100.0,98.7,67.4,64.9,74.5
Ghana,45.0,25.2,58.6,78.3,70.7,15.9,32.3,27.4,43.0,31.3,24.7,36.9
Greece,62.4,58.2,47.8,88.0,61.4,83.1,53.7,96.6,71.1,39.4,71.3,67.3
Grenada,21.0,63.1,84.0,76.5,51.0,46.0,74.3,53.5,40.4,38.8,36.7,45.8
Guatemala,36.0,33.3,39.0,49.8,56.8,28.4,20.1,31.3,41.7,24.3,30.6,32.5
Guinea,61.0,30.6,38.2,33.8,45.9,12.0,36.6,20.1,26.5,39.3,22.2,36.5
Guinea-Bissau,53.8,33.7,67.0,35.0,42.2,12.5,42.8,19.8,19.3,25.0,41.8,42.0
Guyana,56.5,79.8,31.1,61.2,74.0,27.9,65.4,42.2,23.6,31.1,30.6,49.0
Haiti,30.0,51.4,86.8,55.7,50.6,12.8,25.0,18.1,11.6,21.6,47.7,36.4
Honduras,50.4,20.2,45.3,87.8,38.6,28.7,18.6,37.7,22.0,25.7,41.2,40.2
India,11.2,73.8,37.0,55.3,65.1,30.8,6.8,25.4,31.6,31.8,35.0,27.6
Indonesia,30.7,52.7,39.9,46.2,72.2,36.7,22.7,33.2,33.4,26.7,32.1,33.6
Italy,58.5,55.0,34.0,89.5,56.4,72.7,52.2,98.6,83.6,57.5,53.2,60.3
Jamaica,38.2,68.7,83.2,77.4,55.1,40.5,35.7,53.3,46.2,25.5,54.3,48.5
Japan,47.4,80.1,48.5,86.4,63.3,76.5,59.9,78.1,100.0,73.6,59.7,61.4
Latvia,68.4,31.8,69.0,82.4,64.4,68.0,45.1,82.4,71.9,42.8,52.4,60.2
Lebanon,23.6,48.5,96.2,62.5,50.6,46.8,40.0,62.6,66.2,36.6,38.0,39.9
Liberia,25.7,42.4,68.8,34.1,34.0,12.4,43.0,18.7,28.9,28.2,38.4,34.3
Lithuania,74.9,45.9,80.1,83.2,67.0,72.7,53.2,75.8,75.4,61.3,52.4,64.1
Madagascar,26.4,23.5,49.3,31.2,48.2,12.5,30.7,12.9,27.3,25.7,36.1,30.1
Malaysia,28.0,41.0,52.0,60.7,63.6,46.8,43.2,53.5,54.9,35.4,39.9,41.0
Maldives,12.0,72.9,90.5,65.9,55.8,40.4,47.5,51.5,61.0,13.4,27.9,38.1
Mexico,31.7,48.8,38.4,89.1,56.8,69.5,29.7,58.2,52.8,26.3,46.4,44.2
Montenegro,42.1,67.8,47.9,87.3,43.0,43.6,35.2,97.1,59.8,12.7,43.1,47.7
Mozambique,57.1,41.5,66.9,41.3,40.1,12.0,26.8,20.5,20.0,31.5,35.7,39.0
Myanmar,23.0,51.5,36.0,12.5,59.6,13.6,9.0,35.4,32.7,34.7,35.6,27.1
Netherlands,60.5,62.0,22.5,92.6,68.0,89.2,67.4,91.1,100.0,69.6,60.7,66.9
New Zealand,38.5,67.4,31.4,69.1,72.9,70.7,83.0,86.3,84.8,39.5,47.6,57.3
Nicaragua,65.5,16.7,48.9,82.4,51.6,40.7,36.6,47.3,51.2,21.6,37.6,47.4
Nigeria,47.1,32.9,63.4,54.4,47.9,15.0,17.9,14.3,50.6,29.7,43.9,37.9
Norway,71.6,61.4,54.2,90.9,52.3,80.8,82.9,99.8,100.0,58.3,52.6,69.9
Panama,56.6,60.0,71.6,80.9,50.0,42.0,57.4,48.9,65.3,27.5,41.9,52.9
Papua New Guinea,19.8,65.3,88.6,68.2,61.8,11.1,39.8,21.2,55.4,36.8,37.7,36.9
Peru,48.6,60.1,85.0,74.7,45.3,63.3,26.6,56.3,72.1,25.9,40.7,46.5
Philippines,24.6,50.6,76.4,39.7,72.3,12.6,22.7,42.4,45.2,30.0,32.2,32.1
Poland,81.4,48.4,57.8,93.5,68.3,77.5,38.5,80.1,69.1,58.8,53.5,64.2
Portugal,59.8,16.5,31.1,88.7,49.7,85.5,61.1,96.4,75.4,50.8,55.3,61.9
Republic of Congo,71.6,67.9,61.0,76.6,48.1,23.0,12.1,24.4,38.9,37.8,29.3,41.6
Romania,71.9,57.1,24.5,86.8,67.8,51.4,39.3,68.0,57.1,42.3,49.3,57.3
Russia,41.6,43.9,63.0,65.2,62.9,52.5,50.5,76.0,65.5,15.5,36.9,46.7
Saint Lucia,30.0,80.7,94.0,68.6,39.3,38.5,73.6,52.9,47.8,12.5,47.5,51.1
Saint Vincent and the Grenadines,35.1,75.5,86.1,72.8,76.9,41.5,73.9,51.3,31.7,37.1,49.9,54.2
Senegal,56.5,63.5,58.4,39.7,71.1,14.4,49.4,27.3,39.0,24.5,32.0,43.8
Sierra Leone,45.3,17.4,75.3,33.0,40.1,12.5,38.1,17.7,31.6,32.8,46.8,39.9
Singapore,35.0,28.8,97.1,81.8,61.3,90.5,53.7,99.2,82.5,75.5,41.2,53.0
Slovenia,64.9,58.9,36.4,92.7,56.7,70.7,45.8,91.2,96.6,53.6,57.5,62.4
Solomon Islands,13.2,42.0,84.8,83.0,44.6,11.7,59.9,33.6,32.0,19.4,52.8,42.2
South Korea,32.8,57.5,34.9,87.3,61.8,84.3,44.5,90.1,89.4,64.7,47.0,50.6
Spain,66.9,44.5,33.7,89.3,54.1,78.7,56.2,93.8,81.7,50.8,57.2,64.0
Sri Lanka,32.9,70.0,63.4,49.1,62.5,13.0,20.0,52.8,69.0,32.6,44.1,38.8
Suriname,64.8,72.9,38.9,80.3,62.8,44.2,68.3,43.2,43.2,13.1,43.6,56.9
Sweden,60.0,56.2,52.4,90.6,73.2,84.5,81.1,96.9,100.0,72.7,62.9,70.3
Taiwan,38.4,85.1,46.4,86.5,60.3,38.2,40.1,69.0,75.7,69.7,48.4,50.1
Tanzania,65.3,54.4,71.7,77.7,48.5,18.2,23.8,20.6,47.7,24.1,32.5,43.6
Thailand,45.9,70.7,44.2,75.8,58.8,21.7,25.4,51.3,79.3,33.6,46.0,45.7
Timor-Leste,44.4,62.6,95.5,67.0,48.8,20.2,38.2,33.1,27.2,39.7,65.2,49.9
Togo,54.8,42.4,58.9,45.3,40.3,12.5,26.7,17.8,33.9,26.4,28.5,35.7
Trinidad and Tobago,49.5,72.6,58.1,72.5,22.5,12.8,87.1,59.8,69.0,11.8,36.1,52.5
Turkiye,20.0,54.7,49.6,50.0,59.2,67.9,34.8,63.0,55.8,29.7,37.0,37.2
Ukraine,53.8,54.8,33.4,92.9,76.4,40.8,39.9,73.7,64.5,22.2,53.9,54.6
United Kingdom,71.5,46.4,38.1,92.0,76.9,78.3,69.9,100.0,99.8,65.4,67.8,72.6
United States of America,40.7,51.9,46.5,89.1,83.0,63.9,65.8,96.2,82.5,41.7,50.1,57.2
Vanuatu,18.1,81.9,84.0,73.5,42.7,19.1,57.5,32.4,38.0,21.9,53.7,45.0
Venezuela,61.3,71.3,82.5,76.1,46.1,32.0,54.1,47.8,41.7,10.3,43.5,53.3
Viet Nam,24.8,48.5,29.4,7.5,73.0,16.1,15.4,54.3,46.9,46.1,17.9,24.6
