country,year,Ecosystem Vitality (ECO),Environmental Health (HLT),Climate Change (PCC),EPI
Afghanistan,2014,21.5,17.6,13.7,18.2
Albania,2014,50.9,39.9,44.1,46.1
Algeria,2014,39.3,48.1,29.3,38.5
Angola,2014,36.6,19.8,35.2,31.9
Antigua and Barbuda,2014,52.4,65.6,47.1,54.4
Argentina,2014,41.2,52.9,47.1,45.9
Armenia,2014,47.1,39.5,39.3,42.9
Australia,2014,59.9,81.1,39.1,58.9
Austria,2014,77.9,66.2,57.3,68.8
Azerbaijan,2014,45.1,39.1,36.1,40.8
Bahamas,2014,54.1,67.7,42.7,54.3
Bahrain,2014,44.3,40.7,23.4,36.7
Bangladesh,2014,27.6,14.1,32.8,25.8
Barbados,2014,33.5,76.7,50.5,50.5
Belarus,2014,60.1,51.3,32.1,49.5
Belgium,2014,60.8,67.3,59.0,61.9
Belize,2014,55.9,41.8,36.5,46.5
Benin,2014,52.4,23.8,30.5,38.1
Bhutan,2014,56.7,19.0,19.6,36.5
Bolivia,2014,59.4,29.9,25.8,41.9
Bosnia and Herzegovina,2014,49.6,32.5,41.8,42.7
Botswana,2014,68.8,27.3,44.1,51.0
Brazil,2014,58.3,40.9,32.9,46.3
Brunei Darussalam,2014,51.0,62.1,43.0,51.4
Bulgaria,2014,70.6,40.7,51.7,57.4
Burkina Faso,2014,59.8,30.9,25.0,42.1
Burundi,2014,53.6,12.7,25.1,34.8
Cabo Verde,2014,26.3,54.2,45.0,39.8
Cambodia,2014,36.8,24.3,28.8,31.2
Cameroon,2014,46.4,17.2,38.6,36.4
Canada,2014,57.5,73.8,44.3,57.6
Central African Republic,2014,60.6,12.5,45.6,44.1
Chad,2014,52.7,23.6,14.2,33.9
Chile,2014,53.7,45.3,37.0,46.6
China,2014,34.2,26.5,26.0,29.8
Colombia,2014,53.5,43.9,34.2,45.3
Comoros,2014,49.6,43.5,36.5,44.1
Costa Rica,2014,63.3,51.8,46.1,55.3
Cote d'Ivoire,2014,39.2,30.1,33.4,35.1
Croatia,2014,69.6,47.4,47.5,57.4
Cuba,2014,52.4,50.5,46.1,50.0
Cyprus,2014,55.1,62.1,45.9,54.1
Czech Republic,2014,79.0,54.6,53.0,65.1
Dem. Rep. Congo,2014,49.2,12.6,29.5,33.5
Denmark,2014,63.4,74.1,69.9,68.0
Djibouti,2014,25.2,27.2,47.9,32.1
Dominica,2014,42.9,56.0,52.8,49.5
Dominican Republic,2014,58.9,41.0,40.3,48.8
Ecuador,2014,51.3,43.2,34.6,44.3
Egypt,2014,46.6,29.4,39.7,40.2
El Salvador,2014,45.9,28.2,61.1,46.0
Equatorial Guinea,2014,53.3,34.0,42.1,45.0
Eritrea,2014,27.8,23.6,36.6,29.3
Estonia,2014,75.7,62.2,37.3,60.8
Eswatini,2014,40.3,21.1,60.1,41.1
Ethiopia,2014,43.3,23.8,22.8,32.5
Fiji,2014,40.0,54.8,55.6,48.4
Finland,2014,69.8,83.7,61.3,70.7
France,2014,67.7,68.0,59.6,65.4
Gabon,2014,57.6,31.5,40.8,46.0
Gambia,2014,41.1,38.0,29.6,37.0
Georgia,2014,46.2,39.7,34.8,41.1
Germany,2014,80.4,70.8,54.4,70.2
Ghana,2014,46.3,29.8,22.7,35.1
Greece,2014,64.8,61.6,46.1,58.4
Grenada,2014,38.7,64.2,38.5,45.4
Guatemala,2014,42.7,22.6,34.7,35.3
Guinea,2014,52.0,29.7,28.7,39.4
Guinea-Bissau,2014,49.6,33.0,39.4,42.5
Guyana,2014,54.2,53.8,29.4,46.7
Haiti,2014,29.5,20.5,34.8,28.7
Honduras,2014,47.1,21.8,35.6,37.3
Hungary,2014,72.8,42.8,59.0,61.1
Iceland,2014,56.2,87.5,48.5,61.8
India,2014,28.0,11.6,26.4,23.4
Indonesia,2014,31.1,20.6,28.8,27.8
Iran,2014,45.9,40.1,37.1,41.8
Iraq,2014,26.8,31.9,13.0,23.9
Ireland,2014,60.3,77.0,55.6,63.0
Israel,2014,43.5,62.2,40.7,47.4
Italy,2014,57.8,61.1,47.5,55.5
Jamaica,2014,49.7,37.8,52.4,47.5
Japan,2014,56.2,65.1,52.2,57.2
Jordan,2014,35.5,44.9,33.2,37.2
Kazakhstan,2014,52.1,47.9,28.6,43.8
Kenya,2014,48.0,27.4,29.0,37.1
Kiribati,2014,47.5,45.7,42.6,45.4
Kuwait,2014,55.7,49.9,28.5,46.2
Kyrgyzstan,2014,36.3,32.0,17.5,29.8
Laos,2014,35.3,16.6,13.4,24.3
Latvia,2014,70.2,49.8,49.8,59.0
Lebanon,2014,33.5,44.6,19.3,32.0
Lesotho,2014,46.3,13.8,41.9,36.8
Liberia,2014,32.6,32.4,34.2,33.0
Lithuania,2014,70.2,53.6,48.4,59.5
Luxembourg,2014,82.6,71.0,55.8,71.7
Madagascar,2014,28.7,26.0,33.0,29.3
Malawi,2014,59.0,21.8,32.8,41.8
Malaysia,2014,33.0,38.9,30.2,33.7
Maldives,2014,40.5,46.2,19.4,35.3
Mali,2014,47.4,35.3,25.4,37.8
Malta,2014,54.9,69.0,66.1,62.2
Marshall Islands,2014,37.7,54.7,35.0,41.7
Mauritania,2014,38.8,46.1,30.5,38.1
Mauritius,2014,32.5,68.5,39.7,44.4
Mexico,2014,45.4,35.3,42.5,42.0
Micronesia,2014,29.4,55.7,41.7,40.5
Moldova,2014,44.7,37.9,45.6,43.3
Mongolia,2014,53.3,25.6,4.6,31.8
Montenegro,2014,48.2,44.6,51.3,48.2
Morocco,2014,34.2,42.3,36.5,36.9
Mozambique,2014,49.4,24.4,18.4,33.8
Myanmar,2014,31.8,15.4,34.5,28.5
Namibia,2014,59.3,25.5,36.8,44.1
Nepal,2014,47.9,13.4,24.4,32.4
Netherlands,2014,63.6,70.3,54.4,62.5
New Zealand,2014,50.0,81.2,44.6,56.2
Nicaragua,2014,58.7,37.5,34.8,46.2
Niger,2014,47.7,28.9,13.6,32.7
Nigeria,2014,39.4,18.4,36.9,33.2
North Macedonia,2014,54.6,33.2,54.2,49.1
Norway,2014,66.6,85.1,51.1,66.6
Oman,2014,47.1,49.3,16.3,38.4
Pakistan,2014,33.2,11.1,39.2,29.5
Panama,2014,56.4,51.8,31.3,47.7
Papua New Guinea,2014,38.9,36.9,46.2,40.5
Paraguay,2014,45.2,38.4,29.4,38.8
Peru,2014,53.1,37.2,31.5,42.6
Philippines,2014,34.1,26.8,32.4,31.7
Poland,2014,78.7,45.3,52.2,62.4
Portugal,2014,60.3,65.2,48.0,57.8
Qatar,2014,53.1,50.3,15.1,41.2
Republic of Congo,2014,56.5,16.9,38.8,40.7
Romania,2014,68.2,43.0,63.1,60.4
Russia,2014,48.4,51.3,40.5,46.8
Rwanda,2014,47.0,13.6,32.1,34.2
Saint Lucia,2014,45.4,63.8,41.3,49.0
Saint Vincent and the Grenadines,2014,49.7,62.9,49.9,53.4
Samoa,2014,36.4,57.0,33.9,41.1
Sao Tome and Principe,2014,36.6,35.6,30.4,34.4
Saudi Arabia,2014,38.7,38.4,20.0,33.0
Senegal,2014,47.5,40.6,24.9,39.0
Serbia,2014,56.0,39.1,68.1,55.4
Seychelles,2014,45.4,71.3,43.5,51.8
Sierra Leone,2014,42.2,29.6,26.9,34.6
Singapore,2014,57.3,56.4,25.5,46.5
Slovakia,2014,78.1,55.0,59.3,66.7
Slovenia,2014,68.2,55.1,59.9,62.4
Solomon Islands,2014,34.7,49.7,42.0,40.6
South Africa,2014,44.1,22.7,42.8,38.3
South Korea,2014,46.6,55.6,36.0,45.7
Spain,2014,66.8,63.5,52.8,61.8
Sri Lanka,2014,41.2,29.8,36.6,37.0
Sudan,2014,36.4,32.6,35.4,35.2
Suriname,2014,56.2,57.8,28.5,48.3
Sweden,2014,66.8,83.2,64.3,70.1
Switzerland,2014,67.8,72.3,56.5,65.5
Taiwan,2014,53.0,46.8,49.0,50.2
Tajikistan,2014,46.0,21.6,34.5,36.5
Tanzania,2014,53.2,24.5,25.6,38.0
Thailand,2014,49.5,33.9,35.0,41.2
Timor-Leste,2014,44.1,36.2,37.9,40.3
Togo,2014,46.2,23.0,35.6,36.8
Tonga,2014,37.6,57.2,53.4,47.7
Trinidad and Tobago,2014,48.3,75.6,36.0,51.5
Tunisia,2014,46.6,47.0,40.3,44.8
Turkiye,2014,40.1,38.4,26.5,35.6
Turkmenistan,2014,36.6,52.8,20.1,35.7
Uganda,2014,44.9,17.5,22.8,31.6
Ukraine,2014,49.5,44.4,46.3,47.3
United Arab Emirates,2014,53.0,49.0,21.5,42.5
United Kingdom,2014,72.2,75.3,66.6,71.3
United States of America,2014,53.5,69.7,51.6,57.0
Uruguay,2014,39.6,56.3,38.9,43.6
Uzbekistan,2014,47.4,35.2,45.8,43.9
Vanuatu,2014,30.9,48.7,31.9,35.7
Venezuela,2014,60.8,49.5,41.4,52.2
Viet Nam,2014,32.3,24.9,25.2,28.3
Zambia,2014,65.1,17.6,30.3,42.8
Zimbabwe,2014,56.6,22.0,37.1,42.1
Afghanistan,2024,31.9,18.2,40.2,31.0
Albania,2024,51.9,44.1,59.4,52.2
Algeria,2024,41.8,48.2,36.2,41.7
Angola,2024,44.1,21.8,49.4,40.1
Antigua and Barbuda,2024,53.2,69.6,46.4,55.6
Argentina,2024,46.7,54.3,41.4,47.0
Armenia,2024,48.1,41.8,42.8,44.9
Australia,2024,62.5,84.0,46.6,63.1
Austria,2024,77.6,71.0,54.1,68.9
Azerbaijan,2024,44.7,40.4,34.7,40.5
Bahamas,2024,53.3,69.9,47.6,55.9
Bahrain,2024,36.9,41.6,27.9,35.3
Bangladesh,2024,31.9,15.2,33.0,28.1
Barbados,2024,34.4,77.6,56.7,53.1
Belarus,2024,68.2,56.7,44.5,58.2
Belgium,2024,68.5,72.2,59.7,66.8
Belize,2024,57.4,43.4,35.8,47.4
Benin,2024,56.1,26.0,22.9,37.8
Bhutan,2024,59.9,22.5,35.3,43.3
Bolivia,2024,56.6,29.7,41.4,45.3
Bosnia and Herzegovina,2024,52.1,36.1,45.9,46.0
Botswana,2024,74.9,31.9,25.1,49.2
Brazil,2024,63.9,42.4,45.5,53.0
Brunei Darussalam,2024,48.3,71.0,29.2,48.3
Bulgaria,2024,70.8,42.6,45.7,56.2
Burkina Faso,2024,58.6,33.3,24.9,42.2
Burundi,2024,49.3,13.1,26.6,33.5
Cabo Verde,2024,22.7,54.8,43.4,38.0
Cambodia,2024,44.7,24.3,16.7,31.2
Cameroon,2024,49.3,19.7,39.4,38.6
Canada,2024,60.4,77.7,48.2,61.1
Central African Republic,2024,57.9,14.6,31.0,39.0
Chad,2024,51.1,26.5,21.0,35.9
Chile,2024,57.4,45.1,41.5,49.6
China,2024,35.6,29.7,39.8,35.4
Colombia,2024,57.0,45.7,42.2,49.7
Comoros,2024,45.1,41.4,25.2,38.2
Costa Rica,2024,62.6,53.7,46.3,55.5
Cote d'Ivoire,2024,49.9,33.7,40.9,42.9
Croatia,2024,72.3,51.8,56.0,62.3
Cuba,2024,50.1,52.1,56.4,52.5
Cyprus,2024,56.5,62.8,42.6,53.9
Czech Republic,2024,78.0,58.9,52.2,65.5
Dem. Rep. Congo,2024,54.5,14.0,40.1,39.5
Denmark,2024,62.7,77.5,67.1,67.7
Djibouti,2024,24.4,29.2,47.9,32.3
Dominica,2024,40.5,57.7,53.6,49.3
Dominican Republic,2024,57.1,43.4,37.3,47.7
Ecuador,2024,56.9,44.7,48.5,51.3
Egypt,2024,51.5,33.5,40.4,43.7
El Salvador,2024,44.8,30.1,46.4,41.6
Equatorial Guinea,2024,43.8,33.4,45.5,41.7
Eritrea,2024,25.6,24.8,38.1,29.0
Estonia,2024,76.6,65.8,82.8,75.7
Eswatini,2024,39.1,22.1,52.9,38.7
Ethiopia,2024,47.0,25.2,28.9,36.3
Fiji,2024,37.2,55.9,51.1,46.0
Finland,2024,68.1,86.6,71.8,73.8
France,2024,67.8,72.3,61.3,67.0
Gabon,2024,65.4,32.3,52.8,53.3
Gambia,2024,36.4,40.2,37.2,37.6
Georgia,2024,50.6,42.9,46.0,47.3
Germany,2024,80.1,76.1,64.9,74.5
Ghana,2024,47.8,32.1,24.7,36.9
Greece,2024,67.0,63.1,71.3,67.3
Grenada,2024,39.9,66.0,36.7,45.8
Guatemala,2024,38.4,24.2,30.6,32.5
Guinea,2024,48.2,32.6,22.2,36.5
Guinea-Bissau,2024,45.6,35.6,41.8,42.0
Guyana,2024,57.2,56.0,30.6,49.0
Haiti,2024,37.2,22.4,47.7,36.4
Honduras,2024,49.1,23.0,41.2,40.2
Hungary,2024,73.2,48.3,49.2,59.8
Iceland,2024,60.4,90.2,48.2,64.3
India,2024,30.4,13.5,35.0,27.6
Indonesia,2024,38.9,25.8,32.1,33.6
Iran,2024,46.3,41.8,35.1,41.8
Iraq,2024,32.7,32.9,24.6,30.3
Ireland,2024,66.9,81.6,51.1,65.8
Israel,2024,42.0,64.4,43.3,48.0
Italy,2024,62.8,64.2,53.2,60.3
Jamaica,2024,49.5,39.7,54.3,48.5
Japan,2024,59.2,67.3,59.7,61.4
Jordan,2024,49.3,47.2,44.6,47.3
Kazakhstan,2024,49.7,51.0,42.3,47.8
Kenya,2024,49.2,27.1,26.5,36.9
Kiribati,2024,45.6,46.4,40.9,44.3
Kuwait,2024,53.7,50.4,24.9,44.4
Kyrgyzstan,2024,44.4,37.1,45.4,42.8
Laos,2024,40.5,19.4,9.6,26.3
Latvia,2024,68.5,54.6,52.4,60.2
Lebanon,2024,37.5,46.5,38.0,39.9
Lesotho,2024,46.9,13.0,41.7,36.9
Liberia,2024,30.3,36.4,38.4,34.3
Lithuania,2024,74.3,59.8,52.4,64.1
Luxembourg,2024,83.1,76.1,62.4,75.1
Madagascar,2024,28.0,26.7,36.1,30.1
Malawi,2024,54.5,21.0,17.7,35.1
Malaysia,2024,38.9,45.8,39.9,41.0
Maldives,2024,39.3,48.0,27.9,38.1
Mali,2024,44.7,37.7,16.5,34.5
Malta,2024,65.6,73.0,63.6,66.9
Marshall Islands,2024,34.3,55.6,41.0,42.5
Mauritania,2024,34.5,46.5,24.8,34.6
Mauritius,2024,33.5,70.4,45.8,47.3
Mexico,2024,46.6,37.1,46.4,44.2
Micronesia,2024,27.4,56.8,44.4,40.8
Moldova,2024,49.1,41.8,45.4,46.1
Mongolia,2024,55.2,28.5,17.6,37.2
Montenegro,2024,50.2,48.7,43.1,47.7
Morocco,2024,40.0,44.1,34.9,39.5
Mozambique,2024,48.8,25.2,35.7,39.0
Myanmar,2024,26.9,17.2,35.6,27.1
Namibia,2024,62.7,26.8,30.3,44.0
Nepal,2024,47.9,14.7,25.8,33.1
Netherlands,2024,66.7,74.8,60.7,66.9
New Zealand,2024,50.0,82.1,47.6,57.3
Nicaragua,2024,58.5,39.3,37.6,47.4
Niger,2024,59.0,30.6,19.4,40.0
Nigeria,2024,44.2,20.3,43.9,37.9
North Macedonia,2024,55.7,39.3,51.3,50.3
Norway,2024,72.2,86.7,52.6,69.9
Oman,2024,64.5,50.1,32.6,51.3
Pakistan,2024,29.5,13.1,30.0,25.5
Panama,2024,59.1,55.1,41.9,52.9
Papua New Guinea,2024,36.3,37.2,37.7,36.9
Paraguay,2024,44.4,39.7,31.9,39.5
Peru,2024,56.0,36.1,40.7,46.5
Philippines,2024,33.9,28.7,32.2,32.1
Poland,2024,79.2,50.1,53.5,64.2
Portugal,2024,62.4,68.9,55.3,61.9
Qatar,2024,56.4,51.3,28.0,46.8
Republic of Congo,2024,65.1,17.7,29.3,41.6
Romania,2024,68.7,46.6,49.3,57.3
Russia,2024,48.4,55.4,36.9,46.7
Rwanda,2024,45.8,14.4,32.3,33.9
Saint Lucia,2024,45.1,65.0,47.5,51.1
Saint Vincent and the Grenadines,2024,50.6,64.5,49.9,54.2
Samoa,2024,37.7,57.8,51.3,47.1
Sao Tome and Principe,2024,32.0,39.8,38.6,36.2
Saudi Arabia,2024,50.0,40.5,33.2,42.5
Senegal,2024,52.0,43.1,32.0,43.8
Serbia,2024,57.4,43.6,43.6,49.8
Seychelles,2024,47.4,71.7,27.3,47.9
Sierra Leone,2024,39.4,33.3,46.8,39.9
Singapore,2024,53.8,66.0,41.2,53.0
Slovakia,2024,78.3,60.7,48.9,65.1
Slovenia,2024,67.4,59.2,57.5,62.4
Solomon Islands,2024,30.8,50.8,52.8,42.2
South Africa,2024,49.3,24.4,48.0,42.7
South Korea,2024,48.8,58.0,47.0,50.6
Spain,2024,67.8,65.6,57.2,64.0
Sri Lanka,2024,39.7,31.0,44.1,38.8
Sudan,2024,43.4,34.7,36.2,39.1
Suriname,2024,64.6,59.0,43.6,56.9
Sweden,2024,66.8,85.5,62.9,70.3
Switzerland,2024,68.6,76.3,59.4,67.8
Taiwan,2024,51.5,49.9,48.4,50.1
Tajikistan,2024,47.3,21.9,18.5,32.3
Tanzania,2024,60.7,25.1,32.5,43.6
Thailand,2024,51.3,35.2,46.0,45.7
Timor-Leste,2024,47.9,36.4,65.2,49.9
Togo,2024,47.1,25.5,28.5,35.7
Tonga,2024,34.3,58.4,32.5,40.4
Trinidad and Tobago,2024,49.6,77.2,36.1,52.5
Tunisia,2024,47.3,46.6,41.4,45.3
Turkiye,2024,34.7,41.9,37.0,37.2
Turkmenistan,2024,40.6,54.0,29.6,40.6
Uganda,2024,45.6,18.5,35.7,35.8
Ukraine,2024,58.9,47.9,53.9,54.6
United Arab Emirates,2024,62.4,51.3,35.6,51.6
United Kingdom,2024,72.8,78.1,67.8,72.6
United States of America,2024,53.5,72.3,50.1,57.2
Uruguay,2024,39.0,57.6,40.6,44.1
Uzbekistan,2024,48.4,38.2,37.5,42.6
Vanuatu,2024,37.0,49.5,53.7,45.0
Venezuela,2024,61.7,50.1,43.5,53.3
Viet Nam,2024,27.8,27.0,17.9,24.6
Zambia,2024,67.0,19.1,39.4,46.7
Zimbabwe,2024,66.3,23.0,53.5,51.6
